epoch,train/loss,val/loss,learning_rate,train/time,val/time,train/confmaps/Shoulder_R,train/confmaps/Elbow_R,train/confmaps/Shoulder_L,train/confmaps/Elbow_L,train/confmaps/Sternum,train/confmaps/Nose,train/confmaps/Neck,train/confmaps/Lip_upper,train/confmaps/Lip_lower,train/confmaps/Pellet,train/confmaps/Pellet_holder_lower,train/confmaps/Pellet_holder_upper,train/confmaps/Bar_L,train/confmaps/Eye_L,train/confmaps/Eye_R,train/confmaps/Bar_R,train/confmaps/wrist_mid_R,train/confmaps/wrist_pinky_R,train/confmaps/mid_pinky_R,train/confmaps/tip_pinky_R,train/confmaps/tip_index_R,train/confmaps/mid_index_R,train/confmaps/wrist_index_R,train/confmaps/wrist_mid_L,train/confmaps/wrist_pinky_L,train/confmaps/mid_pinky_L,train/confmaps/tip_pinky_L,train/confmaps/tip_index_L,train/confmaps/mid_index_L,train/confmaps/wrist_index_L,train/confmaps/tip_ring_R,train/confmaps/tip_middle_R,train/confmaps/tip_ring_L,train/confmaps/tip_middle_L,train/confmaps/diamond,train/confmaps/star
0,,0.001599529292434454,,,,,,,,,,,,,,,,,,,,,,,,,,,,,,,,,,,,,,,
0,,0.0003751309704966843,,,,,,,,,,,,,,,,,,,,,,,,,,,,,,,,,,,,,,,
1,0.0004867718380410224,0.0002697560121305287,9.999999747378752e-05,13.877744674682617,0.08461833000183105,0.0005556814139708877,0.0005575456307269633,0.0007879451150074601,0.0007095586624927819,0.0006087041110731661,0.00017740811745170504,0.00039611372631043196,0.00033850606996566057,0.00037486618384718895,0.0003116701263934374,0.0011281482875347137,0.0014020761009305716,0.00015247048577293754,0.0002099918492604047,0.0002765955578070134,0.0002417890791548416,0.0003827327163890004,0.0003014671092387289,0.0002941700804512948,0.00036733265733346343,0.0004047765105497092,0.0004484470118768513,0.0003096035507041961,0.0002374056348344311,0.00019018030434381217,0.00013036065502092242,0.00013522841618396342,0.00012300843081902713,0.00016383669571951032,0.0002249321696581319,0.00043832079973071814,0.0004238855035509914,0.00011980150156887248,0.00016201150720007718,0.002031251322478056,0.0023663355968892574
2,0.00024191600095946342,0.00020203852909617126,9.999999747378752e-05,13.617713928222656,0.05043911933898926,0.0003862512530758977,0.00031120071071200073,0.0004539671936072409,0.00039421539986506104,0.00032766745425760746,0.00012511124077718705,0.0002094988594762981,0.00018620914488565177,0.00019032940326724201,0.00011844710388686508,0.0002975830575451255,0.0008388280984945595,9.25238782656379e-05,0.0001437218306818977,0.00019114313181489706,0.00015977831208147109,0.00024299416691064835,0.00017977561219595373,0.00016018960741348565,0.00020750141993630677,0.0001899445051094517,0.000298752129310742,0.00019394909031689167,0.00014272626140154898,0.00011286049266345799,8.516720845364034e-05,9.337437950307503e-05,9.088259685086086e-05,9.576949378242716e-05,0.00014862681564409286,0.0002026369038503617,0.00020144064910709858,8.598049316788092e-05,0.000136925169499591,0.00027200792101211846,0.0011489794123917818
3,0.000186127086635679,0.00014907449076417834,9.999999747378752e-05,13.434621810913086,0.028143882751464844,0.00032141609699465334,0.00024513204698450863,0.00037808073102496564,0.0003038572031073272,0.000283057481283322,0.00010920911154244095,0.0001764478365657851,0.00016138778300955892,0.0001576262729940936,9.36882643145509e-05,0.00024841330014169216,0.0006152882124297321,7.984677358763292e-05,0.00013197277439758182,0.0001660983107285574,0.0001338352303719148,0.00019486052042338997,0.00013829910312779248,0.00013306924665812403,0.000172349187778309,0.00018564141646493226,0.00027185474755242467,0.00015351966430898756,0.00012131113180657849,9.292468166677281e-05,7.529575668741018e-05,8.564774907426909e-05,8.369461284019053e-05,8.011855970835313e-05,0.0001199345788336359,0.00016206520376726985,0.0001663400325924158,7.981463568285108e-05,0.00012171401613159105,0.00016455342120025307,0.0005118137341924012
4,0.00015882603474892676,0.0001947107957676053,9.999999747378752e-05,13.457688331604004,0.02720189094543457,0.00029025491676293314,0.00021637397003360093,0.0003233591269236058,0.00023232285457197577,0.00024125169147737324,0.00010476434545125812,0.0001448089024052024,0.00014232828107196838,0.00013734133972320706,7.407805969705805e-05,0.0002016643265960738,0.0005373571766540408,7.250966154970229e-05,0.00012804732250515372,0.00015909955254755914,0.00011334713053656742,0.0001673505175858736,0.00011840202932944521,0.00011065608850913122,0.0001458738261135295,0.00015539028390776366,0.00024323198886122555,0.00013537511404138058,0.00011544670269358903,9.070787928067148e-05,6.96819624863565e-05,7.257046672748402e-05,7.449600525433198e-05,7.46716686990112e-05,0.0001076736516552046,0.00013303212472237647,0.00013577872596215457,6.569165998371318e-05,0.00011292457929812372,0.00013010852853767574,0.0003390344209037721
5,0.00014143000589683652,0.00015158548194449395,9.999999747378752e-05,13.561233520507812,0.05313396453857422,0.00026949442690238357,0.0002106084139086306,0.00029313156846910715,0.0002305539237568155,0.00021743075922131538,8.924349822336808e-05,0.00013919081538915634,0.00012272229650989175,0.00012484432954806834,6.163193756947294e-05,0.00020581331045832485,0.00043214819743297994,6.52215167065151e-05,9.890061483019963e-05,0.00013176928041502833,0.00010288212797604501,0.000152995518874377,0.00011074803478550166,0.00010174720227951184,0.00012922356836497784,0.00013756734551861882,0.00022636688663624227,0.00012046657502651215,9.996534208767116e-05,7.886529783718288e-05,5.871095709153451e-05,6.266044510994107e-05,6.518682494061068e-05,6.354400829877704e-05,9.949619561666623e-05,0.00012025007890770212,0.00012492702808231115,5.696600055671297e-05,9.943755867425352e-05,0.00010971644951496273,0.00027379445964470506
6,0.00012551064719446003,0.00014354242011904716,9.999999747378752e-05,13.67690658569336,0.0302584171295166,0.00023708843218628317,0.0001856734452303499,0.00025604950496926904,0.00019373367831576616,0.0001839042524807155,8.51222503115423e-05,0.00013117492198944092,0.0001108017677324824,0.00010553748143138364,5.6672277423786e-05,0.00018045016622636467,0.00037495617289096117,6.094625859986991e-05,9.068896906683221e-05,0.00011822614033007994,8.83830725797452e-05,0.0001345211494481191,9.291547030443326e-05,8.657333819428459e-05,0.00010602181282592937,0.0001334907574346289,0.00022265812731347978,0.00010895977902691811,9.09762384253554e-05,7.200285472208634e-05,5.406747368397191e-05,5.639267328660935e-05,5.799206337542273e-05,6.105431384639814e-05,8.502301352564245e-05,0.0001007136597763747,9.895799303194508e-05,5.1830043958034366e-05,9.65448998613283e-05,0.00010183968697674572,0.0002397804200882092
7,0.00011565125168999657,0.0001618131500435993,9.999999747378752e-05,13.593038558959961,0.05189323425292969,0.00021074325195513666,0.00015150524268392473,0.00022081240604165941,0.00016900412447284907,0.00016985512047540396,7.956665649544448e-05,0.0001056590917869471,9.4660630566068e-05,9.471239900449291e-05,5.618748036795296e-05,0.00016564950055908412,0.0003442845481913537,5.484525172505528e-05,8.3855316916015e-05,0.00010962092346744612,8.327721297973767e-05,0.00012337608495727181,9.02899046195671e-05,8.268659439636394e-05,0.00010196883522439748,0.00012709267321042717,0.00021215046581346542,0.00010237737296847627,9.334643982583657e-05,7.423164061037824e-05,5.528549445443787e-05,5.4023214033804834e-05,5.797832636744715e-05,5.8340770920040086e-05,8.765437814872712e-05,9.797498933039606e-05,9.796291851671413e-05,5.1014547352679074e-05,9.675171895651147e-05,9.426099131815135e-05,0.00021312643366400152
8,0.00010445501538924873,0.00012381553824525326,9.999999747378752e-05,13.610555648803711,0.028974294662475586,0.00020233365648891777,0.00013351069355849177,0.00021453469526022673,0.0001484503736719489,0.00015611584240105003,7.065570389386266e-05,0.00010395323624834418,8.957211684901267e-05,8.790707215666771e-05,4.903741864836775e-05,0.00014744553482159972,0.00028696536901406944,5.0279515562579036e-05,7.796637510182336e-05,0.00010360455053159967,7.901991921244189e-05,0.00010317343549104407,7.410879334202036e-05,6.993634451646358e-05,9.190971468342468e-05,0.00011796570470323786,0.0002041639236267656,8.45541653688997e-05,7.472637662431225e-05,5.8974954299628735e-05,4.464927042135969e-05,4.626302688848227e-05,5.51012963114772e-05,5.04745876241941e-05,6.925148773007095e-05,8.800216892268509e-05,8.871324826031923e-05,4.4123531552031636e-05,9.231961303157732e-05,8.874185004970059e-05,0.0001861841301433742
9,9.990079706767574e-05,0.00014830741565674543,9.999999747378752e-05,13.426002502441406,0.04830360412597656,0.0001981246896320954,0.000133841997012496,0.00020761128689628094,0.00014863625983707607,0.0001451166026527062,6.589103577425703e-05,9.882702579488978e-05,8.109813643386588e-05,8.365373651031405e-05,4.5097021939000115e-05,0.00014963543799240142,0.00025789422215893865,4.988371438230388e-05,7.059388735797256e-05,9.19578451430425e-05,7.77143141021952e-05,9.758168744156137e-05,7.092837040545419e-05,6.503565236926079e-05,8.569107740186155e-05,0.00011619173164945096,0.00019983451056759804,8.405419794144109e-05,7.260624261107296e-05,6.035681872162968e-05,4.7528083086945117e-05,5.2209343266440555e-05,5.396690175984986e-05,4.908607297693379e-05,6.582004425581545e-05,8.229956438299268e-05,8.817304478725418e-05,4.977429489372298e-05,9.090670209843665e-05,8.254810381913558e-05,0.00017338964971713722
10,9.20602324185893e-05,0.0001236226235050708,9.999999747378752e-05,13.456123352050781,0.02836155891418457,0.00017516875232104212,0.00012491292727645487,0.00019442997290752828,0.0001253332884516567,0.00013895044685341418,6.347985618049279e-05,9.147341916104779e-05,7.431055564666167e-05,8.004304254427552e-05,4.376012657303363e-05,0.00013769607176072896,0.0002284208603668958,4.519481080933474e-05,6.677497003693134e-05,8.611332305008546e-05,6.770795152988285e-05,9.181577479466796e-05,6.528992526000366e-05,6.348692113533616e-05,7.720825669821352e-05,0.00010838715388672426,0.00018839689437299967,7.853534771129489e-05,6.766800652258098e-05,5.697064261767082e-05,4.198836541036144e-05,4.300783621147275e-05,4.763056494994089e-05,4.538213033811189e-05,6.306930299615487e-05,7.724113675067201e-05,7.852465205360204e-05,4.075870310771279e-05,8.822746167425066e-05,7.906794780865312e-05,0.00016025418881326914
11,8.808236452750862e-05,0.00011665722558973357,9.999999747378752e-05,13.481244087219238,0.052556753158569336,0.00016293594671878964,0.00012058907304890454,0.00018732658645603806,0.00012776241055689752,0.00013790078810416162,5.663686533807777e-05,8.358878403669223e-05,7.344799814745784e-05,8.335424354299903e-05,4.007827374152839e-05,0.00012905172479804605,0.0002212417166447267,4.386805812828243e-05,5.8504738262854517e-05,8.170171349775046e-05,6.420330464607105e-05,8.350460120709613e-05,6.361927080433816e-05,5.8039091527462006e-05,7.402746996376663e-05,0.000104783262941055,0.00018919899594038725,7.188299059635028e-05,7.054623711155728e-05,5.786606197943911e-05,4.236155655235052e-05,4.128683576709591e-05,4.639465987565927e-05,4.409164102980867e-05,6.398222467396408e-05,7.416791777359322e-05,7.355261914199218e-05,3.7649006117135286e-05,8.602958405390382e-05,7.628125604242086e-05,0.00014364674279931933
12,8.336385508300737e-05,0.00011759885092033073,9.999999747378752e-05,13.147259712219238,0.02921748161315918,0.00015793496277183294,0.00011022199760191143,0.00017652010137680918,0.00012303648691158742,0.0001181175684905611,5.5135387810878456e-05,8.485486614517868e-05,6.820045382482931e-05,7.319125870708376e-05,3.8105499697849154e-05,0.00011878131772391498,0.00019675948715303093,4.31964872404933e-05,5.964441879768856e-05,7.968125282786787e-05,5.618219802272506e-05,7.701230060774833e-05,6.062485772417858e-05,5.7665296480990946e-05,7.027902756817639e-05,0.00010202427802141756,0.00018142398039344698,6.747202132828534e-05,6.42270824755542e-05,5.3472715080715716e-05,4.0827046177582815e-05,4.163095945841633e-05,4.648180038202554e-05,4.228612669976428e-05,5.782526932307519e-05,6.878698332002386e-05,7.31252584955655e-05,3.890462903655134e-05,8.264428470283747e-05,7.166536670411006e-05,0.0001292980305152014
13,8.791434083832428e-05,0.0001418573665432632,9.999999747378752e-05,13.391487121582031,0.048729658126831055,0.00016732818039599806,0.00013239508552942425,0.00017558294348418713,0.00013481618952937424,0.000131295615574345,5.4776992328697816e-05,8.296848682221025e-05,7.421577902277932e-05,7.977151108207181e-05,4.089687718078494e-05,0.00012247318227309734,0.00019646775035653263,4.6432371163973585e-05,6.644743552897125e-05,9.014818351715803e-05,5.960045018582605e-05,8.991821232484654e-05,6.67940839775838e-05,5.966057869954966e-05,6.986396329011768e-05,0.00010637166997184977,0.00018793965864460915,7.598496449645609e-05,7.137296051951125e-05,5.569731001742184e-05,4.098667704965919e-05,4.2614759877324104e-05,4.776674177264795e-05,4.684180021286011e-05,6.435992690967396e-05,7.206208829302341e-05,7.636394002474844e-05,4.127172360313125e-05,8.641451131552458e-05,7.302880840143189e-05,0.00013378755829762667
14,8.227736543631181e-05,0.00013112678425386548,9.999999747378752e-05,13.518064498901367,0.07148313522338867,0.00015423496370203793,0.00010391517571406439,0.00016807457723189145,0.000131849548779428,0.00011703470227075741,5.178948777029291e-05,8.511115447618067e-05,6.364770524669439e-05,7.376899884548038e-05,3.370660851942375e-05,0.00012051370867993683,0.00017870038573164493,4.3434050894575194e-05,6.32163937552832e-05,8.05749514256604e-05,6.037213825038634e-05,8.330325363203883e-05,6.384960579453036e-05,6.103755731601268e-05,7.018959149718285e-05,9.814101940719411e-05,0.00017878446669783443,6.98382209520787e-05,6.753250636393204e-05,5.52802266611252e-05,4.043077933602035e-05,4.176954098511487e-05,4.840586916543543e-05,4.445807644515298e-05,6.117507291492075e-05,6.796333764214069e-05,6.87544234097004e-05,4.0878607251215726e-05,8.33593585412018e-05,6.735311762895435e-05,0.00012319556844886392
15,7.202722190413624e-05,0.0001348617661278695,9.999999747378752e-05,13.522673606872559,0.09236836433410645,0.00013574238982982934,9.705567208584398e-05,0.00015119052841328084,0.00010447585373185575,0.00010215498332399875,4.9599249905440956e-05,7.463963265763596e-05,6.092621697462164e-05,6.733162445016205e-05,3.462061067693867e-05,0.00010180928074987605,0.0001361927716061473,3.932314575649798e-05,5.258358578430489e-05,6.823899457231164e-05,5.467390292324126e-05,7.011504203546792e-05,5.243039413471706e-05,4.958801582688466e-05,5.8591351262293756e-05,9.48664965108037e-05,0.00017405916878487915,6.038485298631713e-05,5.848136788699776e-05,4.751749293063767e-05,3.498219666653313e-05,3.556464071152732e-05,4.145038838032633e-05,3.817347896983847e-05,5.003699698136188e-05,5.986116957501508e-05,6.41019651084207e-05,3.461828964645974e-05,7.808278314769268e-05,6.281126115936786e-05,0.00010596418724162504
16,7.409336103592068e-05,0.00010212377674179152,9.999999747378752e-05,13.408102035522461,0.06331300735473633,0.00013542217493522912,0.00011235360580030829,0.00014879457012284547,0.00011273020936641842,0.00010571272287052125,4.962181265000254e-05,7.583473779959604e-05,6.823442527092993e-05,7.361560710705817e-05,3.317666778457351e-05,0.00011329539120197296,0.00014146922330837697,3.768427995964885e-05,6.1101331084501e-05,7.578226359328255e-05,5.657010478898883e-05,7.33755950932391e-05,5.500631232280284e-05,4.7528348659398034e-05,5.4440701205749065e-05,9.377385140396655e-05,0.00017089037282858044,6.336769729387015e-05,6.275872874539346e-05,5.018216324970126e-05,3.584068690543063e-05,3.582747376640327e-05,4.156713475822471e-05,3.7878537114011124e-05,5.3199157264316455e-05,6.0626342019531876e-05,6.342350388877094e-05,3.644373646238819e-05,7.785624620737508e-05,6.31897637504153e-05,0.00010561167437117547
17,6.799425318604335e-05,0.00011092945351265371,9.999999747378752e-05,13.406134605407715,0.028234481811523438,0.00013159550144337118,8.827346027828753e-05,0.00014123358414508402,0.00010535452020121738,9.714993211673573e-05,4.547158096102066e-05,6.85407139826566e-05,5.2171853894833475e-05,6.073409895179793e-05,2.8706746888929047e-05,0.0001115503691835329,0.00012425945897120982,3.44817090081051e-05,5.301708006300032e-05,6.592980935238302e-05,4.741941665997729e-05,6.178265903145075e-05,4.709334098151885e-05,4.1802071791607887e-05,5.0955404731212184e-05,8.960739069152623e-05,0.00016606022836640477,5.357815098250285e-05,5.30989418621175e-05,4.533455285127275e-05,3.3152056857943535e-05,3.4868367947638035e-05,4.021612403448671e-05,3.469677540124394e-05,4.9053935072151944e-05,5.651483661495149e-05,6.195247988216579e-05,3.3503372833365574e-05,7.705746247665957e-05,6.118523742770776e-05,0.00010146005661226809
18,6.420439603971317e-05,0.00011699482274707407,9.999999747378752e-05,13.392107963562012,0.049427032470703125,0.00012648873962461948,8.871793397702277e-05,0.00013533745368476957,9.164490620605648e-05,9.568249515723437e-05,4.249566336511634e-05,6.633267912548035e-05,4.860823173657991e-05,5.728719042963348e-05,2.8883332561235875e-05,9.157552995020524e-05,0.00010929263953585178,3.310101237730123e-05,4.8361245717387646e-05,6.23650339548476e-05,4.79759655718226e-05,6.029428550391458e-05,4.4807813537772745e-05,4.121821984881535e-05,4.8486876039532945e-05,8.45301547087729e-05,0.00016448652604594827,5.444576163426973e-05,5.4869386076461524e-05,4.578908556140959e-05,3.2012947485782206e-05,3.277144060120918e-05,3.6059849662706256e-05,3.305160498712212e-05,4.7446686949115247e-05,5.232300463831052e-05,5.777830665465444e-05,3.04605327983154e-05,7.113048195606098e-05,5.611965025309473e-05,9.516688442090526e-05
19,7.001619815127924e-05,0.00014238347648642957,9.999999747378752e-05,13.510164260864258,0.028888702392578125,0.0001361755857942626,0.00010873680730583146,0.00014638986613135785,0.00011945411824854091,0.00010794221452670172,4.3971835111733526e-05,7.198721868917346e-05,5.979656634735875e-05,6.594342266907915e-05,3.072855906793848e-05,9.409418271388859e-05,0.0001150631724158302,3.649257268989459e-05,5.332180444383994e-05,7.111644663382322e-05,5.57879357074853e-05,6.89440275891684e-05,5.2662246162071824e-05,4.999156953999773e-05,5.4091022320790216e-05,8.799915667623281e-05,0.00017188605852425098,5.986049654893577e-05,5.271637928672135e-05,4.4636064558289945e-05,3.0979168514022604e-05,3.1977484468370676e-05,3.965539872297086e-05,3.8930993468966335e-05,4.965454718330875e-05,5.825167681905441e-05,6.126914377091452e-05,3.2380612537963316e-05,8.026242721825838e-05,6.0431801102822646e-05,9.301509999204427e-05
20,7.356097921729088e-05,0.00010961138468701392,9.999999747378752e-05,13.373604774475098,0.05361580848693848,0.00012650940334424376,9.9820907053072e-05,0.00013313772797118872,0.00010924045636784285,9.263341780751944e-05,4.794886990566738e-05,6.97820505592972e-05,5.7118679251288995e-05,6.0492060583783314e-05,3.14878998324275e-05,0.00011078726674895734,0.00015725074626971036,4.195641668047756e-05,5.8512319810688496e-05,7.996204658411443e-05,5.96668578509707e-05,7.237332465592772e-05,5.538472760235891e-05,5.456403596326709e-05,6.26110631856136e-05,9.826862515183166e-05,0.00016941143258009106,5.9277357649989426e-05,6.033408863004297e-05,4.6892226237105206e-05,3.596696114982478e-05,4.142486795899458e-05,4.796699795406312e-05,4.0144830563804135e-05,5.4362481023417786e-05,6.178783223731443e-05,6.822438444942236e-05,4.4901029468746856e-05,8.342607179656625e-05,5.563792001339607e-05,9.61355326580815e-05
21,6.0045775171602145e-05,0.00011192024976480752,9.999999747378752e-05,13.440469741821289,0.028989553451538086,0.00011180224100826308,8.888915181159973e-05,0.00012537333532236516,9.213856537826359e-05,9.674025204731151e-05,3.9579848817083985e-05,6.216509791556746e-05,4.947328852722421e-05,5.34753235115204e-05,2.668868182809092e-05,8.53283709147945e-05,0.00010367310460424051,3.1567567930324e-05,4.1502233216306195e-05,5.254575080471113e-05,4.343687032815069e-05,5.607772618532181e-05,4.211927080177702e-05,3.948835001210682e-05,4.450341293704696e-05,8.399530634051189e-05,0.00016224145656451583,5.014990165363997e-05,4.7824687499087304e-05,4.016218736069277e-05,2.9927074137958698e-05,3.127869058516808e-05,3.446606933721341e-05,3.0343077014549635e-05,4.3464708141982555e-05,5.034534478909336e-05,5.2801759011344984e-05,2.9265827834024094e-05,7.101253140717745e-05,5.526616587303579e-05,7.777599967084825e-05
22,5.933003922109492e-05,0.00010312298400094733,9.999999747378752e-05,13.31264877319336,0.049137115478515625,0.00010524685785640031,7.437303429469466e-05,0.00010997656499966979,7.934142195153981e-05,8.642635657452047e-05,4.136098868912086e-05,5.594909089268185e-05,5.0597871450008824e-05,5.035700451117009e-05,2.729407606238965e-05,8.327700925292447e-05,0.00010468736581970006,3.212881711078808e-05,4.574324339046143e-05,5.4248048400040716e-05,4.37850430898834e-05,5.668078665621579e-05,4.1544200939824805e-05,3.900648152921349e-05,4.360052480478771e-05,8.361099753528833e-05,0.0001643461873754859,4.995612835045904e-05,4.982020254828967e-05,4.120158700970933e-05,2.9917904612375423e-05,3.249939618399367e-05,3.463044413365424e-05,3.137758176308125e-05,4.228376565151848e-05,5.047162267146632e-05,5.402947135735303e-05,3.2231317163677886e-05,7.437539170496166e-05,5.399821748142131e-05,8.671864634379745e-05
23,5.7901914260583e-05,8.795702160568908e-05,9.999999747378752e-05,13.543604850769043,0.02846240997314453,0.00010084082168759778,6.943268090253696e-05,0.00011432485916884616,8.179467113222927e-05,8.370537398150191e-05,3.6923509469488636e-05,5.497271558851935e-05,4.4959320803172886e-05,5.143575253896415e-05,2.5873774575302377e-05,8.177720883395523e-05,0.00010251510684611276,3.2239400752587244e-05,4.1454561142018065e-05,5.810388393001631e-05,3.939259113394655e-05,5.7339850172866136e-05,4.545240517472848e-05,4.129965236643329e-05,4.4096039346186444e-05,8.043200796237215e-05,0.00015605412772856653,4.9868158384924755e-05,5.133817103342153e-05,4.135525523452088e-05,3.215774268028326e-05,3.2790732802823186e-05,3.386100070201792e-05,3.155359081574716e-05,4.4281223381403834e-05,4.8978068662108853e-05,5.2428815251914784e-05,3.118333188467659e-05,7.148552685976028e-05,5.030498869018629e-05,7.668534090043977e-05
24,4.0331979107577354e-05,8.690469985594973e-05,4.999999873689376e-05,13.307382583618164,0.04794883728027344,7.997050124686211e-05,4.795068161911331e-05,7.917280163383111e-05,4.684254963649437e-05,5.205626439419575e-05,2.830704215739388e-05,3.941553950426169e-05,2.872453478630632e-05,3.2293577532982454e-05,2.0958270397386514e-05,5.800171129521914e-05,5.456219150801189e-05,2.2990760044194758e-05,2.6951413019560277e-05,3.6910139897372574e-05,2.6882511519943364e-05,3.450767690083012e-05,2.5161698431475088e-05,2.4286968255182728e-05,2.8677375667029992e-05,6.468617357313633e-05,0.00014604051830247045,2.9791792258038186e-05,3.1895189749775454e-05,2.830678567988798e-05,1.9751922081923112e-05,2.1032625227235258e-05,2.5969105990952812e-05,2.2075399101595394e-05,2.810921250784304e-05,3.607813050621189e-05,3.852713780361228e-05,2.0208350179018453e-05,6.355715595418587e-05,4.4499003706732765e-05,5.35967483301647e-05
25,3.745223511941731e-05,9.086626960197464e-05,4.999999873689376e-05,13.377716064453125,0.028998613357543945,7.786895730532706e-05,3.9611022657481954e-05,7.201947300927714e-05,3.935252607334405e-05,4.412808993947692e-05,2.6834566597244702e-05,3.3122709282906726e-05,2.739042611210607e-05,3.0139959562802687e-05,1.9592094758991152e-05,5.189479634282179e-05,4.870375414611772e-05,2.1122747057233937e-05,2.449419662298169e-05,3.141441993648186e-05,2.3822489310987294e-05,3.092024053330533e-05,2.3506738216383383e-05,2.193200089095626e-05,2.5498047762084752e-05,6.126807420514524e-05,0.0001415881561115384,2.762443727988284e-05,3.0180202884366736e-05,2.7119740479975007e-05,1.850618536991533e-05,1.9322900698170997e-05,2.4194547222577967e-05,2.0253217371646315e-05,2.617102836666163e-05,3.2411149732070044e-05,3.469257353572175e-05,1.8499587895348668e-05,6.1789047322236e-05,4.130912202526815e-05,4.887922477792017e-05
26,3.671491504064761e-05,9.711966413306072e-05,4.999999873689376e-05,13.44888973236084,0.051200151443481445,7.54279681132175e-05,4.030126001453027e-05,6.579646287718788e-05,3.934570850105956e-05,4.280616485630162e-05,2.450934516673442e-05,3.282672696514055e-05,2.644184496602975e-05,3.0640949262306094e-05,1.9809895093203522e-05,4.9524162022862583e-05,4.531769809545949e-05,2.1219148038653657e-05,2.3189844796434045e-05,3.1594434403814375e-05,2.444412348268088e-05,3.065878991037607e-05,2.2795195036451332e-05,2.1611856936942786e-05,2.4795797799015418e-05,6.0813465097453445e-05,0.00013918265176471323,2.7113937903777696e-05,3.016459413629491e-05,2.6769470423460007e-05,1.818659256969113e-05,1.9111183064524084e-05,2.3712318579782732e-05,2.053747266472783e-05,2.5773088054847904e-05,3.2622676371829584e-05,3.588651088648476e-05,1.8672109945327975e-05,6.157501775305718e-05,4.030085983686149e-05,4.699683631770313e-05
27,3.6080717109143734e-05,8.963730942923576e-05,4.999999873689376e-05,13.244760513305664,0.03498983383178711,6.599866173928604e-05,3.8503108953591436e-05,6.441042205551639e-05,3.876592745655216e-05,4.179840470897034e-05,2.4208644390455447e-05,3.268808723078109e-05,2.6052324756165035e-05,3.0448756660916843e-05,1.8783952327794395e-05,4.8618683649692684e-05,4.7270550567191094e-05,2.025071080424823e-05,2.3676420823903754e-05,3.1296556699089706e-05,2.3686505301157013e-05,3.13753480440937e-05,2.361622500757221e-05,2.221726390416734e-05,2.477078123774845e-05,5.935083026997745e-05,0.0001363571354886517,2.771987419691868e-05,3.0279250495368615e-05,2.614884579088539e-05,1.8044154785457067e-05,1.8874905435950495e-05,2.35965708270669e-05,1.9710560081875883e-05,2.6489469746593386e-05,3.237231794628315e-05,3.603781806305051e-05,1.8731192540144548e-05,6.233112799236551e-05,3.942568218917586e-05,4.770530722453259e-05
28,3.6456360248848796e-05,9.815413068281487e-05,4.999999873689376e-05,13.379671096801758,0.05184793472290039,7.324569742195308e-05,3.968725286540575e-05,6.701580423396081e-05,3.8428483094321564e-05,4.088820787728764e-05,2.657685399753973e-05,3.4345353924436495e-05,2.655716525623575e-05,3.1057985324878246e-05,1.9278724721516483e-05,4.970713780494407e-05,4.7992107283789665e-05,2.083261642837897e-05,2.350689101149328e-05,2.892686825362034e-05,2.338148988201283e-05,3.0609138775616884e-05,2.2498694306705147e-05,2.2442869521910325e-05,2.5261302653234452e-05,5.904191857553087e-05,0.0001379756722599268,2.716182279982604e-05,2.9217819246696308e-05,2.5809347789618187e-05,1.8117127183359116e-05,1.8815422663465142e-05,2.335435237910133e-05,1.9937502656830475e-05,2.6852405426325276e-05,3.2849075068952516e-05,3.590274718590081e-05,1.8420267224428244e-05,6.021771696396172e-05,3.9257203752640635e-05,4.7281369916163385e-05
29,3.63143662980292e-05,0.00010503769590286538,4.999999873689376e-05,13.410521507263184,0.028900623321533203,7.284207094926387e-05,3.885769910993986e-05,6.383129220921546e-05,4.031381831737235e-05,4.246681783115491e-05,2.624973058118485e-05,3.259352524764836e-05,2.6264211555826478e-05,3.0154977139318362e-05,1.8618908143253066e-05,5.115866588312201e-05,4.745539263240062e-05,1.9890196199412458e-05,2.3702779799350537e-05,2.933717223640997e-05,2.376081101829186e-05,2.9639692002092488e-05,2.338533704460133e-05,2.1576264771283604e-05,2.478308670106344e-05,5.922853233641945e-05,0.00013583623513113707,2.6606119718053378e-05,2.9266080673551187e-05,2.6084519049618393e-05,1.772477844497189e-05,1.891202737169806e-05,2.29477936954936e-05,1.9361430531716906e-05,2.6451158191775903e-05,3.210522481822409e-05,3.516534707159735e-05,1.8827531675924547e-05,6.151133857201785e-05,3.909219958586618e-05,4.457387694856152e-05
30,3.5916033084504306e-05,0.00010089769057231024,4.999999873689376e-05,13.44383430480957,0.04926133155822754,7.064947567414492e-05,3.912677493644878e-05,6.218763155629858e-05,4.001093839178793e-05,4.204704600851983e-05,2.48832529905485e-05,3.6708141124108806e-05,2.6977470042766072e-05,3.071531682508066e-05,1.881566822703462e-05,4.725437247543596e-05,4.545987758319825e-05,2.0085673895664513e-05,2.5344761525047943e-05,3.080467286054045e-05,2.4401773771387525e-05,3.0040377168916166e-05,2.2824817278888077e-05,2.18173681787448e-05,2.445232712489087e-05,5.5962933402042836e-05,0.00013349243090488017,2.6055997295770794e-05,2.882915759983007e-05,2.5615256163291633e-05,1.7764157746569254e-05,1.821466321416665e-05,2.3015083570498973e-05,1.9685183360707015e-05,2.688729000510648e-05,3.1757041142554954e-05,3.596993337851018e-05,1.862190583779011e-05,5.939279435551725e-05,3.8054375181673095e-05,4.506374534685165e-05
31,3.448737697908655e-05,0.00010744306928245351,4.999999873689376e-05,13.344054222106934,0.027172565460205078,6.438248237827793e-05,3.79262855858542e-05,5.992894875817001e-05,3.692863538162783e-05,4.136175266467035e-05,2.4325800040969625e-05,3.1526222301181406e-05,2.3752312699798495e-05,2.8524362278403714e-05,1.8081202142639086e-05,4.5587250497192144e-05,4.503290983848274e-05,2.0306539227021858e-05,2.2341961084748618e-05,2.9041424568276852e-05,2.2942936993786134e-05,2.9491047826013528e-05,2.2153282770887017e-05,2.1619724066113122e-05,2.3742064513498917e-05,5.776348916697316e-05,0.00013785921328235418,2.5932367861969396e-05,2.8836973797297105e-05,2.5406512577319518e-05,1.735591285978444e-05,1.8628068573889323e-05,2.252279591630213e-05,1.805758074624464e-05,2.5122959414147772e-05,3.135221777483821e-05,3.4353146475041285e-05,1.8455217286827974e-05,6.04536289756652e-05,3.837296026176773e-05,4.340408486314118e-05
32,3.642948649940081e-05,8.973124931799248e-05,4.999999873689376e-05,13.442620277404785,0.04963040351867676,7.012247806414962e-05,4.076280310982838e-05,6.326398579403758e-05,4.18565068684984e-05,4.5678578317165375e-05,2.5450337489019148e-05,3.4410062653478235e-05,2.7826476070913486e-05,3.170722629874945e-05,1.820466604840476e-05,4.939120844937861e-05,4.811816324945539e-05,2.0035495253978297e-05,2.5707789973239414e-05,3.0164355848683044e-05,2.4274015231640078e-05,3.0521161534124985e-05,2.2670099497190677e-05,2.1769405066152103e-05,2.346552901144605e-05,5.831295857205987e-05,0.0001404389040544629,2.7093736207461916e-05,2.9282849936862476e-05,2.6220730433124118e-05,1.7857875718618743e-05,1.8585382349556312e-05,2.3378224796033464e-05,1.895814602903556e-05,2.590471376606729e-05,3.178482802468352e-05,3.5619810660136864e-05,1.9608525690273382e-05,6.314786878647283e-05,3.783896681852639e-05,4.451658605830744e-05
33,3.057487265323289e-05,8.943616558099166e-05,2.499999936844688e-05,13.466299057006836,0.028767824172973633,5.847657303093001e-05,3.0062728910706937e-05,5.079579204902984e-05,2.924198633991182e-05,3.373436629772186e-05,2.228303492302075e-05,2.7389996830606833e-05,2.225687239842955e-05,2.4717061023693532e-05,1.65017645485932e-05,3.797001772909425e-05,3.7477770092664286e-05,1.768457514117472e-05,1.943788447533734e-05,2.3906131900730543e-05,2.02402825379977e-05,2.551599027356133e-05,1.900466304505244e-05,1.8261654986417852e-05,2.005912028835155e-05,5.3677962569054216e-05,0.0001352251274511218,2.25862895604223e-05,2.506203600205481e-05,2.2072186766308732e-05,1.4956839549995493e-05,1.6023748685256578e-05,1.989216252695769e-05,1.6303592929034494e-05,2.1958565412205644e-05,2.744124321907293e-05,3.1442039471585304e-05,1.596800757397432e-05,5.73146935494151e-05,3.597823888412677e-05,3.549766188370995e-05
34,2.9285820346558467e-05,8.856452041072771e-05,2.499999936844688e-05,13.56180477142334,0.0532834529876709,5.464045170811005e-05,2.7985175620415248e-05,4.8591202357783914e-05,2.703739664866589e-05,3.185372406733222e-05,2.097256583510898e-05,2.5365416149725206e-05,2.053055868600495e-05,2.30859404837247e-05,1.5974370398907922e-05,3.359934999025427e-05,3.374024527147412e-05,1.7155858586193062e-05,1.7692138499114662e-05,2.2642050680588e-05,1.8703683963394724e-05,2.391846828686539e-05,1.8127217117580585e-05,1.7299522369285114e-05,1.9080887796008028e-05,5.0573551561683416e-05,0.00012794017675332725,2.107746149704326e-05,2.353493619011715e-05,2.206170029239729e-05,1.4392478078661952e-05,1.5400151823996566e-05,1.933960447786376e-05,1.5442097719642334e-05,2.10973867069697e-05,2.7059784770244732e-05,3.027873572136741e-05,1.5341956896008924e-05,5.6410470278933644e-05,3.418351479922421e-05,3.291592656751163e-05
